<?xml version="1.0" encoding="UTF-8"?>
<!DOCTYPE nmaprun>
<?xml-stylesheet href="file:///usr/bin/../share/nmap/nmap.xsl" type="text/xsl"?>
<!-- Nmap 7.60 scan initiated Tue May 19 12:32:31 2020 as: nmap -&#45;top-ports 100 -oX OUTPUT_19_05_2020_122330/NMAP_OUTPUT/212.12.246.101_NMAP.xml 212.12.246.101 -->
<nmaprun scanner="nmap" args="nmap -&#45;top-ports 100 -oX OUTPUT_19_05_2020_122330/NMAP_OUTPUT/212.12.246.101_NMAP.xml 212.12.246.101" start="1589877151" startstr="Tue May 19 12:32:31 2020" version="7.60" xmloutputversion="1.04">
<scaninfo type="syn" protocol="tcp" numservices="100" services="7,9,13,21-23,25-26,37,53,79-81,88,106,110-111,113,119,135,139,143-144,179,199,389,427,443-445,465,513-515,543-544,548,554,587,631,646,873,990,993,995,1025-1029,1110,1433,1720,1723,1755,1900,2000-2001,2049,2121,2717,3000,3128,3306,3389,3986,4899,5000,5009,5051,5060,5101,5190,5357,5432,5631,5666,5800,5900,6000-6001,6646,7070,8000,8008-8009,8080-8081,8443,8888,9100,9999-10000,32768,49152-49157"/>
<verbose level="0"/>
<debugging level="0"/>
<host starttime="1589877151" endtime="1589877161"><status state="up" reason="reset" reason_ttl="255"/>
<address addr="212.12.246.101" addrtype="ipv4"/>
<hostnames>
</hostnames>
<ports><extraports state="filtered" count="97">
<extrareasons reason="no-responses" count="97"/>
</extraports>
<port protocol="tcp" portid="80"><state state="open" reason="syn-ack" reason_ttl="64"/><service name="http" method="table" conf="3"/></port>
<port protocol="tcp" portid="113"><state state="closed" reason="reset" reason_ttl="255"/><service name="ident" method="table" conf="3"/></port>
<port protocol="tcp" portid="443"><state state="open" reason="syn-ack" reason_ttl="64"/><service name="https" method="table" conf="3"/></port>
</ports>
<times srtt="36369" rttvar="53790" to="251529"/>
</host>
<runstats><finished time="1589877161" timestr="Tue May 19 12:32:41 2020" elapsed="10.39" summary="Nmap done at Tue May 19 12:32:41 2020; 1 IP address (1 host up) scanned in 10.39 seconds" exit="success"/><hosts up="1" down="0" total="1"/>
</runstats>
</nmaprun>
