<?xml version="1.0" encoding="UTF-8"?>
<!DOCTYPE nmaprun>
<?xml-stylesheet href="file:///usr/bin/../share/nmap/nmap.xsl" type="text/xsl"?>
<!-- Nmap 7.60 scan initiated Tue May 19 12:42:08 2020 as: nmap -&#45;top-ports 100 -oX OUTPUT_19_05_2020_122330/NMAP_OUTPUT/59.152.225.166_NMAP.xml 59.152.225.166 -->
<nmaprun scanner="nmap" args="nmap -&#45;top-ports 100 -oX OUTPUT_19_05_2020_122330/NMAP_OUTPUT/59.152.225.166_NMAP.xml 59.152.225.166" start="1589877728" startstr="Tue May 19 12:42:08 2020" version="7.60" xmloutputversion="1.04">
<scaninfo type="syn" protocol="tcp" numservices="100" services="7,9,13,21-23,25-26,37,53,79-81,88,106,110-111,113,119,135,139,143-144,179,199,389,427,443-445,465,513-515,543-544,548,554,587,631,646,873,990,993,995,1025-1029,1110,1433,1720,1723,1755,1900,2000-2001,2049,2121,2717,3000,3128,3306,3389,3986,4899,5000,5009,5051,5060,5101,5190,5357,5432,5631,5666,5800,5900,6000-6001,6646,7070,8000,8008-8009,8080-8081,8443,8888,9100,9999-10000,32768,49152-49157"/>
<verbose level="0"/>
<debugging level="0"/>
<host starttime="1589877728" endtime="1589877736"><status state="up" reason="reset" reason_ttl="255"/>
<address addr="59.152.225.166" addrtype="ipv4"/>
<hostnames>
</hostnames>
<ports><extraports state="closed" count="78">
<extrareasons reason="resets" count="78"/>
</extraports>
<port protocol="tcp" portid="9"><state state="filtered" reason="no-response" reason_ttl="0"/><service name="discard" method="table" conf="3"/></port>
<port protocol="tcp" portid="13"><state state="filtered" reason="no-response" reason_ttl="0"/><service name="daytime" method="table" conf="3"/></port>
<port protocol="tcp" portid="22"><state state="open" reason="syn-ack" reason_ttl="64"/><service name="ssh" method="table" conf="3"/></port>
<port protocol="tcp" portid="25"><state state="filtered" reason="no-response" reason_ttl="0"/><service name="smtp" method="table" conf="3"/></port>
<port protocol="tcp" portid="80"><state state="open" reason="syn-ack" reason_ttl="64"/><service name="http" method="table" conf="3"/></port>
<port protocol="tcp" portid="106"><state state="filtered" reason="no-response" reason_ttl="0"/><service name="pop3pw" method="table" conf="3"/></port>
<port protocol="tcp" portid="179"><state state="filtered" reason="no-response" reason_ttl="0"/><service name="bgp" method="table" conf="3"/></port>
<port protocol="tcp" portid="427"><state state="filtered" reason="no-response" reason_ttl="0"/><service name="svrloc" method="table" conf="3"/></port>
<port protocol="tcp" portid="443"><state state="open" reason="syn-ack" reason_ttl="64"/><service name="https" method="table" conf="3"/></port>
<port protocol="tcp" portid="543"><state state="filtered" reason="no-response" reason_ttl="0"/><service name="klogin" method="table" conf="3"/></port>
<port protocol="tcp" portid="544"><state state="filtered" reason="no-response" reason_ttl="0"/><service name="kshell" method="table" conf="3"/></port>
<port protocol="tcp" portid="646"><state state="filtered" reason="no-response" reason_ttl="0"/><service name="ldp" method="table" conf="3"/></port>
<port protocol="tcp" portid="2000"><state state="filtered" reason="no-response" reason_ttl="0"/><service name="cisco-sccp" method="table" conf="3"/></port>
<port protocol="tcp" portid="2717"><state state="filtered" reason="no-response" reason_ttl="0"/><service name="pn-requester" method="table" conf="3"/></port>
<port protocol="tcp" portid="6000"><state state="filtered" reason="no-response" reason_ttl="0"/><service name="X11" method="table" conf="3"/></port>
<port protocol="tcp" portid="6001"><state state="filtered" reason="no-response" reason_ttl="0"/><service name="X11:1" method="table" conf="3"/></port>
<port protocol="tcp" portid="8000"><state state="filtered" reason="no-response" reason_ttl="0"/><service name="http-alt" method="table" conf="3"/></port>
<port protocol="tcp" portid="8081"><state state="filtered" reason="no-response" reason_ttl="0"/><service name="blackice-icecap" method="table" conf="3"/></port>
<port protocol="tcp" portid="8443"><state state="filtered" reason="no-response" reason_ttl="0"/><service name="https-alt" method="table" conf="3"/></port>
<port protocol="tcp" portid="10000"><state state="filtered" reason="no-response" reason_ttl="0"/><service name="snet-sensor-mgmt" method="table" conf="3"/></port>
<port protocol="tcp" portid="49155"><state state="filtered" reason="no-response" reason_ttl="0"/><service name="unknown" method="table" conf="3"/></port>
<port protocol="tcp" portid="49156"><state state="filtered" reason="no-response" reason_ttl="0"/><service name="unknown" method="table" conf="3"/></port>
</ports>
<times srtt="47994" rttvar="63561" to="302238"/>
</host>
<runstats><finished time="1589877736" timestr="Tue May 19 12:42:16 2020" elapsed="7.71" summary="Nmap done at Tue May 19 12:42:16 2020; 1 IP address (1 host up) scanned in 7.71 seconds" exit="success"/><hosts up="1" down="0" total="1"/>
</runstats>
</nmaprun>
