<?xml version="1.0" encoding="UTF-8"?>
<!DOCTYPE nmaprun>
<?xml-stylesheet href="file:///usr/bin/../share/nmap/nmap.xsl" type="text/xsl"?>
<!-- Nmap 7.60 scan initiated Sat Apr  4 11:42:27 2020 as: nmap -&#45;top-ports 100 -oX OUTPUT_04_04_2020_112151/NMAP_OUTPUT/88.201.12.177_NMAP.xml 88.201.12.177 -->
<nmaprun scanner="nmap" args="nmap -&#45;top-ports 100 -oX OUTPUT_04_04_2020_112151/NMAP_OUTPUT/88.201.12.177_NMAP.xml 88.201.12.177" start="1585986147" startstr="Sat Apr  4 11:42:27 2020" version="7.60" xmloutputversion="1.04">
<scaninfo type="syn" protocol="tcp" numservices="100" services="7,9,13,21-23,25-26,37,53,79-81,88,106,110-111,113,119,135,139,143-144,179,199,389,427,443-445,465,513-515,543-544,548,554,587,631,646,873,990,993,995,1025-1029,1110,1433,1720,1723,1755,1900,2000-2001,2049,2121,2717,3000,3128,3306,3389,3986,4899,5000,5009,5051,5060,5101,5190,5357,5432,5631,5666,5800,5900,6000-6001,6646,7070,8000,8008-8009,8080-8081,8443,8888,9100,9999-10000,32768,49152-49157"/>
<verbose level="0"/>
<debugging level="0"/>
<host starttime="1585986147" endtime="1585986152"><status state="up" reason="reset" reason_ttl="255"/>
<address addr="88.201.12.177" addrtype="ipv4"/>
<hostnames>
<hostname name="static.ip.88.201.26.177.batelco.com.bh" type="PTR"/>
</hostnames>
<ports><extraports state="filtered" count="93">
<extrareasons reason="no-responses" count="93"/>
</extraports>
<port protocol="tcp" portid="23"><state state="open" reason="syn-ack" reason_ttl="64"/><service name="telnet" method="table" conf="3"/></port>
<port protocol="tcp" portid="110"><state state="closed" reason="reset" reason_ttl="255"/><service name="pop3" method="table" conf="3"/></port>
<port protocol="tcp" portid="199"><state state="closed" reason="reset" reason_ttl="255"/><service name="smux" method="table" conf="3"/></port>
<port protocol="tcp" portid="993"><state state="closed" reason="reset" reason_ttl="255"/><service name="imaps" method="table" conf="3"/></port>
<port protocol="tcp" portid="995"><state state="closed" reason="reset" reason_ttl="255"/><service name="pop3s" method="table" conf="3"/></port>
<port protocol="tcp" portid="1025"><state state="closed" reason="reset" reason_ttl="255"/><service name="NFS-or-IIS" method="table" conf="3"/></port>
<port protocol="tcp" portid="8888"><state state="closed" reason="reset" reason_ttl="255"/><service name="sun-answerbook" method="table" conf="3"/></port>
</ports>
<times srtt="10112" rttvar="16313" to="100000"/>
</host>
<runstats><finished time="1585986152" timestr="Sat Apr  4 11:42:32 2020" elapsed="5.20" summary="Nmap done at Sat Apr  4 11:42:32 2020; 1 IP address (1 host up) scanned in 5.20 seconds" exit="success"/><hosts up="1" down="0" total="1"/>
</runstats>
</nmaprun>
