<?xml version="1.0" encoding="utf-8"?>
<document SSLyzeVersion="1.4.3" SSLyzeWeb="https://github.com/nabla-c0d3/sslyze" title="SSLyze Scan Results">
  <results totalScanTime="66.2148969173">
    <target host="94.206.120.186" ip="94.206.120.186" port="443" tlsWrappedProtocol="https">
      <certinfo exception="Unhandled exception while running --certinfo:" title="Certificate Information"/>
      <compression title="Deflate Compression">
        <compressionMethod isSupported="False" type="DEFLATE"/>
      </compression>
      <fallback title="Downgrade Attacks">
        <tlsFallbackScsv isSupported="True"/>
      </fallback>
      <heartbleed title="OpenSSL Heartbleed">
        <openSslHeartbleed isVulnerable="False"/>
      </heartbleed>
      <openssl_ccs title="OpenSSL CCS Injection">
        <openSslCcsInjection isVulnerable="False"/>
      </openssl_ccs>
      <reneg title="Session Renegotiation">
        <sessionRenegotiation canBeClientInitiated="True" isSecure="True"/>
      </reneg>
      <resum title="Resumption Support">
        <sessionResumptionWithSessionIDs errors="0" failedAttempts="0" isSupported="True" successfulAttempts="5" totalAttempts="5"/>
        <sessionResumptionWithTLSTickets isSupported="False" reason="TLS ticket not assigned"/>
      </resum>
      <robot title="ROBOT Attack">
        <robotAttack resultEnum="NOT_VULNERABLE_RSA_NOT_SUPPORTED"/>
      </robot>
      <sslv2 isProtocolSupported="False" title="SSLV2 Cipher Suites">
        <preferredCipherSuite/>
        <acceptedCipherSuites/>
        <rejectedCipherSuites>
          <cipherSuite anonymous="False" connectionStatus="TLS / Unexpected EOF" name="SSL_CK_RC4_128_WITH_MD5"/>
          <cipherSuite anonymous="False" connectionStatus="TLS / Unexpected EOF" name="SSL_CK_RC4_128_EXPORT40_WITH_MD5"/>
          <cipherSuite anonymous="False" connectionStatus="TLS / Unexpected EOF" name="SSL_CK_RC2_128_CBC_WITH_MD5"/>
          <cipherSuite anonymous="False" connectionStatus="TLS / Unexpected EOF" name="SSL_CK_RC2_128_CBC_EXPORT40_WITH_MD5"/>
          <cipherSuite anonymous="False" connectionStatus="TLS / Unexpected EOF" name="SSL_CK_IDEA_128_CBC_WITH_MD5"/>
          <cipherSuite anonymous="False" connectionStatus="TLS / Unexpected EOF" name="SSL_CK_DES_64_CBC_WITH_MD5"/>
          <cipherSuite anonymous="False" connectionStatus="TLS / Unexpected EOF" name="SSL_CK_DES_192_EDE3_CBC_WITH_MD5"/>
        </rejectedCipherSuites>
        <errors/>
      </sslv2>
      <sslv3 isProtocolSupported="False" title="SSLV3 Cipher Suites">
        <preferredCipherSuite/>
        <acceptedCipherSuites/>
        <rejectedCipherSuites>
          <cipherSuite anonymous="False" connectionStatus="TLS / Alert: handshake failure" name="TLS_RSA_WITH_SEED_CBC_SHA"/>
          <cipherSuite anonymous="False" connectionStatus="TLS / Alert: handshake failure" name="TLS_RSA_WITH_RC4_128_SHA"/>
          <cipherSuite anonymous="False" connectionStatus="TLS / Alert: handshake failure" name="TLS_RSA_WITH_RC4_128_MD5"/>
          <cipherSuite anonymous="False" connectionStatus="TLS / No ciphers available" name="TLS_RSA_WITH_NULL_SHA256"/>
          <cipherSuite anonymous="False" connectionStatus="TLS / Alert: handshake failure" name="TLS_RSA_WITH_NULL_SHA"/>
          <cipherSuite anonymous="False" connectionStatus="TLS / Alert: handshake failure" name="TLS_RSA_WITH_NULL_MD5"/>
          <cipherSuite anonymous="False" connectionStatus="TLS / Alert: handshake failure" name="TLS_RSA_WITH_IDEA_CBC_SHA"/>
          <cipherSuite anonymous="False" connectionStatus="TLS / Alert: handshake failure" name="TLS_RSA_WITH_DES_CBC_SHA"/>
          <cipherSuite anonymous="False" connectionStatus="TLS / Alert: handshake failure" name="TLS_RSA_WITH_CAMELLIA_256_CBC_SHA"/>
          <cipherSuite anonymous="False" connectionStatus="TLS / Alert: handshake failure" name="TLS_RSA_WITH_CAMELLIA_128_CBC_SHA"/>
          <cipherSuite anonymous="False" connectionStatus="TLS / No ciphers available" name="TLS_RSA_WITH_AES_256_GCM_SHA384"/>
          <cipherSuite anonymous="False" connectionStatus="TLS / No ciphers available" name="TLS_RSA_WITH_AES_256_CBC_SHA256"/>
          <cipherSuite anonymous="False" connectionStatus="TLS / Alert: handshake failure" name="TLS_RSA_WITH_AES_256_CBC_SHA"/>
          <cipherSuite anonymous="False" connectionStatus="TLS / No ciphers available" name="TLS_RSA_WITH_AES_128_GCM_SHA256"/>
          <cipherSuite anonymous="False" connectionStatus="TLS / No ciphers available" name="TLS_RSA_WITH_AES_128_CBC_SHA256"/>
          <cipherSuite anonymous="False" connectionStatus="TLS / Alert: handshake failure" name="TLS_RSA_WITH_AES_128_CBC_SHA"/>
          <cipherSuite anonymous="False" connectionStatus="TLS / Alert: handshake failure" name="TLS_RSA_WITH_3DES_EDE_CBC_SHA"/>
          <cipherSuite anonymous="False" connectionStatus="TLS / Alert: handshake failure" name="TLS_RSA_EXPORT_WITH_RC4_40_MD5"/>
          <cipherSuite anonymous="False" connectionStatus="TLS / Alert: handshake failure" name="TLS_RSA_EXPORT_WITH_RC2_CBC_40_MD5"/>
          <cipherSuite anonymous="False" connectionStatus="TLS / Alert: handshake failure" name="TLS_RSA_EXPORT_WITH_DES40_CBC_SHA"/>
          <cipherSuite anonymous="True" connectionStatus="TLS / Alert: handshake failure" name="TLS_ECDH_anon_WITH_RC4_128_SHA"/>
          <cipherSuite anonymous="True" connectionStatus="TLS / Alert: handshake failure" name="TLS_ECDH_anon_WITH_NULL_SHA"/>
          <cipherSuite anonymous="True" connectionStatus="TLS / Alert: handshake failure" name="TLS_ECDH_anon_WITH_AES_128_CBC_SHA"/>
          <cipherSuite anonymous="True" connectionStatus="TLS / Alert: handshake failure" name="TLS_ECDH_anon_WITH_3DES_EDE_CBC_SHA"/>
          <cipherSuite anonymous="False" connectionStatus="TLS / Alert: handshake failure" name="TLS_ECDH_RSA_WITH_RC4_128_SHA"/>
          <cipherSuite anonymous="False" connectionStatus="TLS / Alert: handshake failure" name="TLS_ECDH_RSA_WITH_NULL_SHA"/>
          <cipherSuite anonymous="False" connectionStatus="TLS / Alert: handshake failure" name="TLS_ECDH_RSA_WITH_AES_256_CBC_SHA"/>
          <cipherSuite anonymous="False" connectionStatus="TLS / No ciphers available" name="TLS_ECDH_RSA_WITH_AES_128_GCM_SHA256"/>
          <cipherSuite anonymous="False" connectionStatus="TLS / No ciphers available" name="TLS_ECDH_RSA_WITH_AES_128_CBC_SHA256"/>
          <cipherSuite anonymous="False" connectionStatus="TLS / Alert: handshake failure" name="TLS_ECDH_RSA_WITH_AES_128_CBC_SHA"/>
          <cipherSuite anonymous="False" connectionStatus="TLS / Alert: handshake failure" name="TLS_ECDH_RSA_WITH_3DES_EDE_CBC_SHA"/>
          <cipherSuite anonymous="False" connectionStatus="TLS / Alert: handshake failure" name="TLS_ECDH_ECDSA_WITH_RC4_128_SHA"/>
          <cipherSuite anonymous="False" connectionStatus="TLS / Alert: handshake failure" name="TLS_ECDH_ECDSA_WITH_NULL_SHA"/>
          <cipherSuite anonymous="False" connectionStatus="TLS / No ciphers available" name="TLS_ECDH_ECDSA_WITH_AES_256_CBC_SHA384"/>
          <cipherSuite anonymous="False" connectionStatus="TLS / Alert: handshake failure" name="TLS_ECDH_ECDSA_WITH_AES_256_CBC_SHA"/>
          <cipherSuite anonymous="False" connectionStatus="TLS / No ciphers available" name="TLS_ECDH_ECDSA_WITH_AES_128_GCM_SHA256"/>
          <cipherSuite anonymous="False" connectionStatus="TLS / No ciphers available" name="TLS_ECDH_ECDSA_WITH_AES_128_CBC_SHA256"/>
          <cipherSuite anonymous="False" connectionStatus="TLS / Alert: handshake failure" name="TLS_ECDH_ECDSA_WITH_AES_128_CBC_SHA"/>
          <cipherSuite anonymous="False" connectionStatus="TLS / Alert: handshake failure" name="TLS_ECDH_ECDSA_WITH_3DES_EDE_CBC_SHA"/>
          <cipherSuite anonymous="False" connectionStatus="TLS / Alert: handshake failure" name="TLS_ECDHE_RSA_WITH_RC4_128_SHA"/>
          <cipherSuite anonymous="False" connectionStatus="TLS / Alert: handshake failure" name="TLS_ECDHE_RSA_WITH_NULL_SHA"/>
          <cipherSuite anonymous="False" connectionStatus="TLS / No ciphers available" name="TLS_ECDHE_RSA_WITH_AES_128_GCM_SHA256"/>
          <cipherSuite anonymous="False" connectionStatus="TLS / No ciphers available" name="TLS_ECDHE_RSA_WITH_AES_128_CBC_SHA256"/>
          <cipherSuite anonymous="False" connectionStatus="TLS / Alert: handshake failure" name="TLS_ECDHE_RSA_WITH_AES_128_CBC_SHA"/>
          <cipherSuite anonymous="False" connectionStatus="TLS / Alert: handshake failure" name="TLS_ECDHE_RSA_WITH_3DES_EDE_CBC_SHA"/>
          <cipherSuite anonymous="False" connectionStatus="TLS / Alert: handshake failure" name="TLS_ECDHE_ECDSA_WITH_RC4_128_SHA"/>
          <cipherSuite anonymous="False" connectionStatus="TLS / Alert: handshake failure" name="TLS_ECDHE_ECDSA_WITH_NULL_SHA"/>
          <cipherSuite anonymous="False" connectionStatus="TLS / No ciphers available" name="TLS_ECDHE_ECDSA_WITH_AES_128_GCM_SHA256"/>
          <cipherSuite anonymous="False" connectionStatus="TLS / No ciphers available" name="TLS_ECDHE_ECDSA_WITH_AES_128_CBC_SHA256"/>
          <cipherSuite anonymous="False" connectionStatus="TLS / Alert: handshake failure" name="TLS_ECDHE_ECDSA_WITH_AES_128_CBC_SHA"/>
          <cipherSuite anonymous="False" connectionStatus="TLS / Alert: handshake failure" name="TLS_ECDHE_ECDSA_WITH_3DES_EDE_CBC_SHA"/>
          <cipherSuite anonymous="True" connectionStatus="TLS / Alert: handshake failure" name="TLS_DH_anon_WITH_SEED_CBC_SHA"/>
          <cipherSuite anonymous="True" connectionStatus="TLS / Alert: handshake failure" name="TLS_DH_anon_WITH_RC4_128_MD5"/>
          <cipherSuite anonymous="True" connectionStatus="TLS / Alert: handshake failure" name="TLS_DH_anon_WITH_DES_CBC_SHA"/>
          <cipherSuite anonymous="True" connectionStatus="TLS / Alert: handshake failure" name="TLS_DH_anon_WITH_CAMELLIA_128_CBC_SHA"/>
          <cipherSuite anonymous="True" connectionStatus="TLS / No ciphers available" name="TLS_DH_anon_WITH_AES_128_GCM_SHA256"/>
          <cipherSuite anonymous="True" connectionStatus="TLS / No ciphers available" name="TLS_DH_anon_WITH_AES_128_CBC_SHA256"/>
          <cipherSuite anonymous="True" connectionStatus="TLS / Alert: handshake failure" name="TLS_DH_anon_WITH_AES_128_CBC_SHA"/>
          <cipherSuite anonymous="True" connectionStatus="TLS / Alert: handshake failure" name="TLS_DH_anon_WITH_3DES_EDE_CBC_SHA"/>
          <cipherSuite anonymous="True" connectionStatus="TLS / Alert: handshake failure" name="TLS_DH_anon_EXPORT_WITH_RC4_40_MD5"/>
          <cipherSuite anonymous="True" connectionStatus="TLS / Alert: handshake failure" name="TLS_DH_anon_EXPORT_WITH_DES40_CBC_SHA"/>
          <cipherSuite anonymous="False" connectionStatus="TLS / Alert: handshake failure" name="TLS_DH_RSA_WITH_SEED_CBC_SHA"/>
          <cipherSuite anonymous="False" connectionStatus="TLS / Alert: handshake failure" name="TLS_DH_RSA_WITH_DES_CBC_SHA"/>
          <cipherSuite anonymous="False" connectionStatus="TLS / Alert: handshake failure" name="TLS_DH_RSA_WITH_CAMELLIA_128_CBC_SHA"/>
          <cipherSuite anonymous="False" connectionStatus="TLS / No ciphers available" name="TLS_DH_RSA_WITH_AES_128_GCM_SHA256"/>
          <cipherSuite anonymous="False" connectionStatus="TLS / No ciphers available" name="TLS_DH_RSA_WITH_AES_128_CBC_SHA256"/>
          <cipherSuite anonymous="False" connectionStatus="TLS / Alert: handshake failure" name="TLS_DH_RSA_WITH_AES_128_CBC_SHA"/>
          <cipherSuite anonymous="False" connectionStatus="TLS / Alert: handshake failure" name="TLS_DH_RSA_WITH_3DES_EDE_CBC_SHA"/>
          <cipherSuite anonymous="False" connectionStatus="TLS / Alert: handshake failure" name="TLS_DH_DSS_WITH_SEED_CBC_SHA"/>
          <cipherSuite anonymous="False" connectionStatus="TLS / Alert: handshake failure" name="TLS_DH_DSS_WITH_DES_CBC_SHA"/>
          <cipherSuite anonymous="False" connectionStatus="TLS / Alert: handshake failure" name="TLS_DH_DSS_WITH_CAMELLIA_128_CBC_SHA"/>
          <cipherSuite anonymous="False" connectionStatus="TLS / No ciphers available" name="TLS_DH_DSS_WITH_AES_128_GCM_SHA256"/>
          <cipherSuite anonymous="False" connectionStatus="TLS / No ciphers available" name="TLS_DH_DSS_WITH_AES_128_CBC_SHA256"/>
          <cipherSuite anonymous="False" connectionStatus="TLS / Alert: handshake failure" name="TLS_DH_DSS_WITH_AES_128_CBC_SHA"/>
          <cipherSuite anonymous="False" connectionStatus="TLS / Alert: handshake failure" name="TLS_DH_DSS_WITH_3DES_EDE_CBC_SHA"/>
          <cipherSuite anonymous="False" connectionStatus="TLS / Alert: handshake failure" name="TLS_DHE_RSA_WITH_SEED_CBC_SHA"/>
          <cipherSuite anonymous="False" connectionStatus="TLS / Alert: handshake failure" name="TLS_DHE_RSA_WITH_DES_CBC_SHA"/>
          <cipherSuite anonymous="False" connectionStatus="TLS / Alert: handshake failure" name="TLS_DHE_RSA_WITH_CAMELLIA_128_CBC_SHA"/>
          <cipherSuite anonymous="False" connectionStatus="TLS / No ciphers available" name="TLS_DHE_RSA_WITH_AES_128_GCM_SHA256"/>
          <cipherSuite anonymous="False" connectionStatus="TLS / No ciphers available" name="TLS_DHE_RSA_WITH_AES_128_CBC_SHA256"/>
          <cipherSuite anonymous="False" connectionStatus="TLS / Alert: handshake failure" name="TLS_DHE_RSA_WITH_AES_128_CBC_SHA"/>
          <cipherSuite anonymous="False" connectionStatus="TLS / Alert: handshake failure" name="TLS_DHE_RSA_WITH_3DES_EDE_CBC_SHA"/>
          <cipherSuite anonymous="False" connectionStatus="TLS / Alert: handshake failure" name="TLS_DHE_RSA_EXPORT_WITH_DES40_CBC_SHA"/>
          <cipherSuite anonymous="False" connectionStatus="TLS / Alert: handshake failure" name="TLS_DHE_DSS_WITH_SEED_CBC_SHA"/>
          <cipherSuite anonymous="False" connectionStatus="TLS / Alert: handshake failure" name="TLS_DHE_DSS_WITH_DES_CBC_SHA"/>
          <cipherSuite anonymous="False" connectionStatus="TLS / Alert: handshake failure" name="TLS_DHE_DSS_WITH_CAMELLIA_128_CBC_SHA"/>
          <cipherSuite anonymous="False" connectionStatus="TLS / No ciphers available" name="TLS_DHE_DSS_WITH_AES_128_GCM_SHA256"/>
          <cipherSuite anonymous="False" connectionStatus="TLS / No ciphers available" name="TLS_DHE_DSS_WITH_AES_128_CBC_SHA256"/>
          <cipherSuite anonymous="False" connectionStatus="TLS / Alert: handshake failure" name="TLS_DHE_DSS_WITH_AES_128_CBC_SHA"/>
          <cipherSuite anonymous="False" connectionStatus="TLS / Alert: handshake failure" name="TLS_DHE_DSS_WITH_3DES_EDE_CBC_SHA"/>
          <cipherSuite anonymous="False" connectionStatus="TLS / Alert: handshake failure" name="TLS_DHE_DSS_EXPORT_WITH_DES40_CBC_SHA"/>
        </rejectedCipherSuites>
        <errors>
          <cipherSuite anonymous="True" connectionStatus="timeout - timed out" name="TLS_ECDH_anon_WITH_AES_256_CBC_SHA"/>
          <cipherSuite anonymous="False" connectionStatus="timeout - timed out" name="TLS_ECDH_RSA_WITH_AES_256_GCM_SHA384"/>
          <cipherSuite anonymous="False" connectionStatus="timeout - timed out" name="TLS_ECDH_RSA_WITH_AES_256_CBC_SHA384"/>
          <cipherSuite anonymous="False" connectionStatus="timeout - timed out" name="TLS_ECDH_ECDSA_WITH_AES_256_GCM_SHA384"/>
          <cipherSuite anonymous="False" connectionStatus="timeout - timed out" name="TLS_ECDHE_RSA_WITH_AES_256_GCM_SHA384"/>
          <cipherSuite anonymous="False" connectionStatus="timeout - timed out" name="TLS_ECDHE_RSA_WITH_AES_256_CBC_SHA384"/>
          <cipherSuite anonymous="False" connectionStatus="timeout - timed out" name="TLS_ECDHE_RSA_WITH_AES_256_CBC_SHA"/>
          <cipherSuite anonymous="False" connectionStatus="timeout - timed out" name="TLS_ECDHE_ECDSA_WITH_AES_256_GCM_SHA384"/>
          <cipherSuite anonymous="False" connectionStatus="timeout - timed out" name="TLS_ECDHE_ECDSA_WITH_AES_256_CBC_SHA384"/>
          <cipherSuite anonymous="False" connectionStatus="timeout - timed out" name="TLS_ECDHE_ECDSA_WITH_AES_256_CBC_SHA"/>
          <cipherSuite anonymous="True" connectionStatus="timeout - timed out" name="TLS_DH_anon_WITH_CAMELLIA_256_CBC_SHA"/>
          <cipherSuite anonymous="True" connectionStatus="timeout - timed out" name="TLS_DH_anon_WITH_AES_256_GCM_SHA384"/>
          <cipherSuite anonymous="True" connectionStatus="timeout - timed out" name="TLS_DH_anon_WITH_AES_256_CBC_SHA256"/>
          <cipherSuite anonymous="True" connectionStatus="timeout - timed out" name="TLS_DH_anon_WITH_AES_256_CBC_SHA"/>
          <cipherSuite anonymous="False" connectionStatus="timeout - timed out" name="TLS_DH_RSA_WITH_CAMELLIA_256_CBC_SHA"/>
          <cipherSuite anonymous="False" connectionStatus="timeout - timed out" name="TLS_DH_RSA_WITH_AES_256_GCM_SHA384"/>
          <cipherSuite anonymous="False" connectionStatus="timeout - timed out" name="TLS_DH_RSA_WITH_AES_256_CBC_SHA256"/>
          <cipherSuite anonymous="False" connectionStatus="timeout - timed out" name="TLS_DH_RSA_WITH_AES_256_CBC_SHA"/>
          <cipherSuite anonymous="False" connectionStatus="timeout - timed out" name="TLS_DH_DSS_WITH_CAMELLIA_256_CBC_SHA"/>
          <cipherSuite anonymous="False" connectionStatus="timeout - timed out" name="TLS_DH_DSS_WITH_AES_256_GCM_SHA384"/>
          <cipherSuite anonymous="False" connectionStatus="timeout - timed out" name="TLS_DH_DSS_WITH_AES_256_CBC_SHA256"/>
          <cipherSuite anonymous="False" connectionStatus="timeout - timed out" name="TLS_DH_DSS_WITH_AES_256_CBC_SHA"/>
          <cipherSuite anonymous="False" connectionStatus="timeout - timed out" name="TLS_DHE_RSA_WITH_CAMELLIA_256_CBC_SHA"/>
          <cipherSuite anonymous="False" connectionStatus="timeout - timed out" name="TLS_DHE_RSA_WITH_AES_256_GCM_SHA384"/>
          <cipherSuite anonymous="False" connectionStatus="timeout - timed out" name="TLS_DHE_RSA_WITH_AES_256_CBC_SHA256"/>
          <cipherSuite anonymous="False" connectionStatus="timeout - timed out" name="TLS_DHE_RSA_WITH_AES_256_CBC_SHA"/>
          <cipherSuite anonymous="False" connectionStatus="timeout - timed out" name="TLS_DHE_DSS_WITH_CAMELLIA_256_CBC_SHA"/>
          <cipherSuite anonymous="False" connectionStatus="timeout - timed out" name="TLS_DHE_DSS_WITH_AES_256_GCM_SHA384"/>
          <cipherSuite anonymous="False" connectionStatus="timeout - timed out" name="TLS_DHE_DSS_WITH_AES_256_CBC_SHA256"/>
          <cipherSuite anonymous="False" connectionStatus="timeout - timed out" name="TLS_DHE_DSS_WITH_AES_256_CBC_SHA"/>
        </errors>
      </sslv3>
      <tlsv1 isProtocolSupported="False" title="TLSV1 Cipher Suites">
        <preferredCipherSuite/>
        <acceptedCipherSuites/>
        <rejectedCipherSuites>
          <cipherSuite anonymous="False" connectionStatus="TLS / No ciphers available" name="TLS_RSA_WITH_NULL_SHA256"/>
          <cipherSuite anonymous="False" connectionStatus="TLS / Alert: handshake failure" name="TLS_RSA_WITH_NULL_SHA"/>
          <cipherSuite anonymous="False" connectionStatus="TLS / Alert: handshake failure" name="TLS_RSA_WITH_NULL_MD5"/>
          <cipherSuite anonymous="False" connectionStatus="TLS / Alert: handshake failure" name="TLS_RSA_WITH_CAMELLIA_256_CBC_SHA"/>
          <cipherSuite anonymous="False" connectionStatus="TLS / No ciphers available" name="TLS_RSA_WITH_AES_256_GCM_SHA384"/>
          <cipherSuite anonymous="False" connectionStatus="TLS / No ciphers available" name="TLS_RSA_WITH_AES_256_CBC_SHA256"/>
          <cipherSuite anonymous="False" connectionStatus="TLS / Alert: handshake failure" name="TLS_RSA_WITH_AES_256_CBC_SHA"/>
          <cipherSuite anonymous="False" connectionStatus="TLS / Alert: handshake failure" name="TLS_RSA_EXPORT_WITH_RC4_40_MD5"/>
          <cipherSuite anonymous="False" connectionStatus="TLS / Alert: handshake failure" name="TLS_RSA_EXPORT_WITH_RC2_CBC_40_MD5"/>
          <cipherSuite anonymous="False" connectionStatus="TLS / Alert: handshake failure" name="TLS_RSA_EXPORT_WITH_DES40_CBC_SHA"/>
          <cipherSuite anonymous="True" connectionStatus="TLS / Alert: handshake failure" name="TLS_ECDH_anon_WITH_NULL_SHA"/>
          <cipherSuite anonymous="True" connectionStatus="TLS / Alert: handshake failure" name="TLS_ECDH_anon_WITH_AES_256_CBC_SHA"/>
          <cipherSuite anonymous="True" connectionStatus="TLS / Alert: handshake failure" name="TLS_ECDH_anon_WITH_AES_128_CBC_SHA"/>
          <cipherSuite anonymous="False" connectionStatus="TLS / Alert: handshake failure" name="TLS_ECDH_RSA_WITH_NULL_SHA"/>
          <cipherSuite anonymous="False" connectionStatus="TLS / No ciphers available" name="TLS_ECDH_RSA_WITH_AES_256_GCM_SHA384"/>
          <cipherSuite anonymous="False" connectionStatus="TLS / No ciphers available" name="TLS_ECDH_RSA_WITH_AES_256_CBC_SHA384"/>
          <cipherSuite anonymous="False" connectionStatus="TLS / Alert: handshake failure" name="TLS_ECDH_RSA_WITH_AES_256_CBC_SHA"/>
          <cipherSuite anonymous="False" connectionStatus="TLS / No ciphers available" name="TLS_ECDH_RSA_WITH_AES_128_GCM_SHA256"/>
          <cipherSuite anonymous="False" connectionStatus="TLS / Alert: handshake failure" name="TLS_ECDH_ECDSA_WITH_NULL_SHA"/>
          <cipherSuite anonymous="False" connectionStatus="TLS / No ciphers available" name="TLS_ECDH_ECDSA_WITH_AES_256_GCM_SHA384"/>
          <cipherSuite anonymous="False" connectionStatus="TLS / No ciphers available" name="TLS_ECDH_ECDSA_WITH_AES_256_CBC_SHA384"/>
          <cipherSuite anonymous="False" connectionStatus="TLS / Alert: handshake failure" name="TLS_ECDH_ECDSA_WITH_AES_256_CBC_SHA"/>
          <cipherSuite anonymous="False" connectionStatus="TLS / Alert: handshake failure" name="TLS_ECDHE_RSA_WITH_NULL_SHA"/>
          <cipherSuite anonymous="False" connectionStatus="TLS / No ciphers available" name="TLS_ECDHE_RSA_WITH_AES_256_GCM_SHA384"/>
          <cipherSuite anonymous="False" connectionStatus="TLS / No ciphers available" name="TLS_ECDHE_RSA_WITH_AES_256_CBC_SHA384"/>
          <cipherSuite anonymous="False" connectionStatus="TLS / Alert: handshake failure" name="TLS_ECDHE_RSA_WITH_AES_256_CBC_SHA"/>
          <cipherSuite anonymous="False" connectionStatus="TLS / No ciphers available" name="TLS_ECDHE_RSA_WITH_AES_128_GCM_SHA256"/>
          <cipherSuite anonymous="False" connectionStatus="TLS / No ciphers available" name="TLS_ECDHE_RSA_WITH_AES_128_CBC_SHA256"/>
          <cipherSuite anonymous="False" connectionStatus="TLS / Alert: handshake failure" name="TLS_ECDHE_RSA_WITH_AES_128_CBC_SHA"/>
          <cipherSuite anonymous="False" connectionStatus="TLS / Alert: handshake failure" name="TLS_ECDHE_ECDSA_WITH_NULL_SHA"/>
          <cipherSuite anonymous="False" connectionStatus="TLS / No ciphers available" name="TLS_ECDHE_ECDSA_WITH_AES_256_GCM_SHA384"/>
          <cipherSuite anonymous="False" connectionStatus="TLS / No ciphers available" name="TLS_ECDHE_ECDSA_WITH_AES_256_CBC_SHA384"/>
          <cipherSuite anonymous="False" connectionStatus="TLS / Alert: handshake failure" name="TLS_ECDHE_ECDSA_WITH_AES_256_CBC_SHA"/>
          <cipherSuite anonymous="False" connectionStatus="TLS / No ciphers available" name="TLS_ECDHE_ECDSA_WITH_AES_128_GCM_SHA256"/>
          <cipherSuite anonymous="False" connectionStatus="TLS / No ciphers available" name="TLS_ECDHE_ECDSA_WITH_AES_128_CBC_SHA256"/>
          <cipherSuite anonymous="False" connectionStatus="TLS / Alert: handshake failure" name="TLS_ECDHE_ECDSA_WITH_AES_128_CBC_SHA"/>
          <cipherSuite anonymous="True" connectionStatus="TLS / Alert: handshake failure" name="TLS_DH_anon_WITH_CAMELLIA_256_CBC_SHA"/>
          <cipherSuite anonymous="True" connectionStatus="TLS / Alert: handshake failure" name="TLS_DH_anon_WITH_CAMELLIA_128_CBC_SHA"/>
          <cipherSuite anonymous="True" connectionStatus="TLS / No ciphers available" name="TLS_DH_anon_WITH_AES_256_GCM_SHA384"/>
          <cipherSuite anonymous="True" connectionStatus="TLS / No ciphers available" name="TLS_DH_anon_WITH_AES_256_CBC_SHA256"/>
          <cipherSuite anonymous="True" connectionStatus="TLS / Alert: handshake failure" name="TLS_DH_anon_WITH_AES_256_CBC_SHA"/>
          <cipherSuite anonymous="True" connectionStatus="TLS / No ciphers available" name="TLS_DH_anon_WITH_AES_128_GCM_SHA256"/>
          <cipherSuite anonymous="True" connectionStatus="TLS / No ciphers available" name="TLS_DH_anon_WITH_AES_128_CBC_SHA256"/>
          <cipherSuite anonymous="True" connectionStatus="TLS / Alert: handshake failure" name="TLS_DH_anon_EXPORT_WITH_RC4_40_MD5"/>
          <cipherSuite anonymous="True" connectionStatus="TLS / Alert: handshake failure" name="TLS_DH_anon_EXPORT_WITH_DES40_CBC_SHA"/>
          <cipherSuite anonymous="False" connectionStatus="TLS / Alert: handshake failure" name="TLS_DH_RSA_WITH_SEED_CBC_SHA"/>
          <cipherSuite anonymous="False" connectionStatus="TLS / Alert: handshake failure" name="TLS_DH_RSA_WITH_CAMELLIA_256_CBC_SHA"/>
          <cipherSuite anonymous="False" connectionStatus="TLS / Alert: handshake failure" name="TLS_DH_RSA_WITH_CAMELLIA_128_CBC_SHA"/>
          <cipherSuite anonymous="False" connectionStatus="TLS / No ciphers available" name="TLS_DH_RSA_WITH_AES_256_GCM_SHA384"/>
          <cipherSuite anonymous="False" connectionStatus="TLS / No ciphers available" name="TLS_DH_RSA_WITH_AES_256_CBC_SHA256"/>
          <cipherSuite anonymous="False" connectionStatus="TLS / Alert: handshake failure" name="TLS_DH_RSA_WITH_AES_256_CBC_SHA"/>
          <cipherSuite anonymous="False" connectionStatus="TLS / No ciphers available" name="TLS_DH_RSA_WITH_AES_128_GCM_SHA256"/>
          <cipherSuite anonymous="False" connectionStatus="TLS / No ciphers available" name="TLS_DH_RSA_WITH_AES_128_CBC_SHA256"/>
          <cipherSuite anonymous="False" connectionStatus="TLS / Alert: handshake failure" name="TLS_DH_RSA_WITH_AES_128_CBC_SHA"/>
          <cipherSuite anonymous="False" connectionStatus="TLS / Alert: handshake failure" name="TLS_DH_DSS_WITH_SEED_CBC_SHA"/>
          <cipherSuite anonymous="False" connectionStatus="TLS / Alert: handshake failure" name="TLS_DH_DSS_WITH_CAMELLIA_256_CBC_SHA"/>
          <cipherSuite anonymous="False" connectionStatus="TLS / Alert: handshake failure" name="TLS_DH_DSS_WITH_CAMELLIA_128_CBC_SHA"/>
          <cipherSuite anonymous="False" connectionStatus="TLS / No ciphers available" name="TLS_DH_DSS_WITH_AES_256_GCM_SHA384"/>
          <cipherSuite anonymous="False" connectionStatus="TLS / No ciphers available" name="TLS_DH_DSS_WITH_AES_256_CBC_SHA256"/>
          <cipherSuite anonymous="False" connectionStatus="TLS / Alert: handshake failure" name="TLS_DH_DSS_WITH_AES_256_CBC_SHA"/>
          <cipherSuite anonymous="False" connectionStatus="TLS / No ciphers available" name="TLS_DH_DSS_WITH_AES_128_GCM_SHA256"/>
          <cipherSuite anonymous="False" connectionStatus="TLS / No ciphers available" name="TLS_DH_DSS_WITH_AES_128_CBC_SHA256"/>
          <cipherSuite anonymous="False" connectionStatus="TLS / Alert: handshake failure" name="TLS_DH_DSS_WITH_AES_128_CBC_SHA"/>
          <cipherSuite anonymous="False" connectionStatus="TLS / Alert: handshake failure" name="TLS_DHE_RSA_WITH_SEED_CBC_SHA"/>
          <cipherSuite anonymous="False" connectionStatus="TLS / Alert: handshake failure" name="TLS_DHE_RSA_WITH_CAMELLIA_256_CBC_SHA"/>
          <cipherSuite anonymous="False" connectionStatus="TLS / Alert: handshake failure" name="TLS_DHE_RSA_WITH_CAMELLIA_128_CBC_SHA"/>
          <cipherSuite anonymous="False" connectionStatus="TLS / No ciphers available" name="TLS_DHE_RSA_WITH_AES_256_GCM_SHA384"/>
          <cipherSuite anonymous="False" connectionStatus="TLS / No ciphers available" name="TLS_DHE_RSA_WITH_AES_256_CBC_SHA256"/>
          <cipherSuite anonymous="False" connectionStatus="TLS / Alert: handshake failure" name="TLS_DHE_RSA_WITH_AES_256_CBC_SHA"/>
          <cipherSuite anonymous="False" connectionStatus="TLS / No ciphers available" name="TLS_DHE_RSA_WITH_AES_128_GCM_SHA256"/>
          <cipherSuite anonymous="False" connectionStatus="TLS / No ciphers available" name="TLS_DHE_RSA_WITH_AES_128_CBC_SHA256"/>
          <cipherSuite anonymous="False" connectionStatus="TLS / Alert: handshake failure" name="TLS_DHE_RSA_WITH_AES_128_CBC_SHA"/>
          <cipherSuite anonymous="False" connectionStatus="TLS / Alert: handshake failure" name="TLS_DHE_DSS_WITH_SEED_CBC_SHA"/>
          <cipherSuite anonymous="False" connectionStatus="TLS / Alert: handshake failure" name="TLS_DHE_DSS_WITH_CAMELLIA_256_CBC_SHA"/>
          <cipherSuite anonymous="False" connectionStatus="TLS / Alert: handshake failure" name="TLS_DHE_DSS_WITH_CAMELLIA_128_CBC_SHA"/>
          <cipherSuite anonymous="False" connectionStatus="TLS / No ciphers available" name="TLS_DHE_DSS_WITH_AES_256_GCM_SHA384"/>
          <cipherSuite anonymous="False" connectionStatus="TLS / No ciphers available" name="TLS_DHE_DSS_WITH_AES_256_CBC_SHA256"/>
          <cipherSuite anonymous="False" connectionStatus="TLS / Alert: handshake failure" name="TLS_DHE_DSS_WITH_AES_256_CBC_SHA"/>
          <cipherSuite anonymous="False" connectionStatus="TLS / No ciphers available" name="TLS_DHE_DSS_WITH_AES_128_GCM_SHA256"/>
          <cipherSuite anonymous="False" connectionStatus="TLS / No ciphers available" name="TLS_DHE_DSS_WITH_AES_128_CBC_SHA256"/>
          <cipherSuite anonymous="False" connectionStatus="TLS / Alert: handshake failure" name="TLS_DHE_DSS_WITH_AES_128_CBC_SHA"/>
        </rejectedCipherSuites>
        <errors>
          <cipherSuite anonymous="False" connectionStatus="timeout - timed out" name="TLS_RSA_WITH_SEED_CBC_SHA"/>
          <cipherSuite anonymous="False" connectionStatus="timeout - timed out" name="TLS_RSA_WITH_RC4_128_SHA"/>
          <cipherSuite anonymous="False" connectionStatus="timeout - timed out" name="TLS_RSA_WITH_RC4_128_MD5"/>
          <cipherSuite anonymous="False" connectionStatus="timeout - timed out" name="TLS_RSA_WITH_IDEA_CBC_SHA"/>
          <cipherSuite anonymous="False" connectionStatus="timeout - timed out" name="TLS_RSA_WITH_DES_CBC_SHA"/>
          <cipherSuite anonymous="False" connectionStatus="timeout - timed out" name="TLS_RSA_WITH_CAMELLIA_128_CBC_SHA"/>
          <cipherSuite anonymous="False" connectionStatus="timeout - timed out" name="TLS_RSA_WITH_AES_128_GCM_SHA256"/>
          <cipherSuite anonymous="False" connectionStatus="timeout - timed out" name="TLS_RSA_WITH_AES_128_CBC_SHA256"/>
          <cipherSuite anonymous="False" connectionStatus="timeout - timed out" name="TLS_RSA_WITH_AES_128_CBC_SHA"/>
          <cipherSuite anonymous="False" connectionStatus="timeout - timed out" name="TLS_RSA_WITH_3DES_EDE_CBC_SHA"/>
          <cipherSuite anonymous="True" connectionStatus="timeout - timed out" name="TLS_ECDH_anon_WITH_RC4_128_SHA"/>
          <cipherSuite anonymous="True" connectionStatus="timeout - timed out" name="TLS_ECDH_anon_WITH_3DES_EDE_CBC_SHA"/>
          <cipherSuite anonymous="False" connectionStatus="timeout - timed out" name="TLS_ECDH_RSA_WITH_RC4_128_SHA"/>
          <cipherSuite anonymous="False" connectionStatus="timeout - timed out" name="TLS_ECDH_RSA_WITH_AES_128_CBC_SHA256"/>
          <cipherSuite anonymous="False" connectionStatus="timeout - timed out" name="TLS_ECDH_RSA_WITH_AES_128_CBC_SHA"/>
          <cipherSuite anonymous="False" connectionStatus="timeout - timed out" name="TLS_ECDH_RSA_WITH_3DES_EDE_CBC_SHA"/>
          <cipherSuite anonymous="False" connectionStatus="timeout - timed out" name="TLS_ECDH_ECDSA_WITH_RC4_128_SHA"/>
          <cipherSuite anonymous="False" connectionStatus="timeout - timed out" name="TLS_ECDH_ECDSA_WITH_AES_128_GCM_SHA256"/>
          <cipherSuite anonymous="False" connectionStatus="timeout - timed out" name="TLS_ECDH_ECDSA_WITH_AES_128_CBC_SHA256"/>
          <cipherSuite anonymous="False" connectionStatus="timeout - timed out" name="TLS_ECDH_ECDSA_WITH_AES_128_CBC_SHA"/>
          <cipherSuite anonymous="False" connectionStatus="timeout - timed out" name="TLS_ECDH_ECDSA_WITH_3DES_EDE_CBC_SHA"/>
          <cipherSuite anonymous="False" connectionStatus="timeout - timed out" name="TLS_ECDHE_RSA_WITH_RC4_128_SHA"/>
          <cipherSuite anonymous="False" connectionStatus="timeout - timed out" name="TLS_ECDHE_RSA_WITH_3DES_EDE_CBC_SHA"/>
          <cipherSuite anonymous="False" connectionStatus="timeout - timed out" name="TLS_ECDHE_ECDSA_WITH_RC4_128_SHA"/>
          <cipherSuite anonymous="False" connectionStatus="timeout - timed out" name="TLS_ECDHE_ECDSA_WITH_3DES_EDE_CBC_SHA"/>
          <cipherSuite anonymous="True" connectionStatus="timeout - timed out" name="TLS_DH_anon_WITH_SEED_CBC_SHA"/>
          <cipherSuite anonymous="True" connectionStatus="timeout - timed out" name="TLS_DH_anon_WITH_RC4_128_MD5"/>
          <cipherSuite anonymous="True" connectionStatus="timeout - timed out" name="TLS_DH_anon_WITH_DES_CBC_SHA"/>
          <cipherSuite anonymous="True" connectionStatus="timeout - timed out" name="TLS_DH_anon_WITH_AES_128_CBC_SHA"/>
          <cipherSuite anonymous="True" connectionStatus="timeout - timed out" name="TLS_DH_anon_WITH_3DES_EDE_CBC_SHA"/>
          <cipherSuite anonymous="False" connectionStatus="timeout - timed out" name="TLS_DH_RSA_WITH_DES_CBC_SHA"/>
          <cipherSuite anonymous="False" connectionStatus="timeout - timed out" name="TLS_DH_RSA_WITH_3DES_EDE_CBC_SHA"/>
          <cipherSuite anonymous="False" connectionStatus="timeout - timed out" name="TLS_DH_DSS_WITH_DES_CBC_SHA"/>
          <cipherSuite anonymous="False" connectionStatus="timeout - timed out" name="TLS_DH_DSS_WITH_3DES_EDE_CBC_SHA"/>
          <cipherSuite anonymous="False" connectionStatus="timeout - timed out" name="TLS_DHE_RSA_WITH_DES_CBC_SHA"/>
          <cipherSuite anonymous="False" connectionStatus="timeout - timed out" name="TLS_DHE_RSA_WITH_3DES_EDE_CBC_SHA"/>
          <cipherSuite anonymous="False" connectionStatus="timeout - timed out" name="TLS_DHE_RSA_EXPORT_WITH_DES40_CBC_SHA"/>
          <cipherSuite anonymous="False" connectionStatus="timeout - timed out" name="TLS_DHE_DSS_WITH_DES_CBC_SHA"/>
          <cipherSuite anonymous="False" connectionStatus="timeout - timed out" name="TLS_DHE_DSS_WITH_3DES_EDE_CBC_SHA"/>
          <cipherSuite anonymous="False" connectionStatus="timeout - timed out" name="TLS_DHE_DSS_EXPORT_WITH_DES40_CBC_SHA"/>
        </errors>
      </tlsv1>
      <tlsv1_1 isProtocolSupported="False" title="TLSV1_1 Cipher Suites">
        <preferredCipherSuite/>
        <acceptedCipherSuites/>
        <rejectedCipherSuites>
          <cipherSuite anonymous="False" connectionStatus="TLS / Alert: handshake failure" name="TLS_RSA_WITH_SEED_CBC_SHA"/>
          <cipherSuite anonymous="False" connectionStatus="TLS / Alert: handshake failure" name="TLS_RSA_WITH_RC4_128_SHA"/>
          <cipherSuite anonymous="False" connectionStatus="TLS / Alert: handshake failure" name="TLS_RSA_WITH_RC4_128_MD5"/>
          <cipherSuite anonymous="False" connectionStatus="TLS / No ciphers available" name="TLS_RSA_WITH_NULL_SHA256"/>
          <cipherSuite anonymous="False" connectionStatus="TLS / Alert: handshake failure" name="TLS_RSA_WITH_NULL_SHA"/>
          <cipherSuite anonymous="False" connectionStatus="TLS / Alert: handshake failure" name="TLS_RSA_WITH_NULL_MD5"/>
          <cipherSuite anonymous="False" connectionStatus="TLS / Alert: handshake failure" name="TLS_RSA_WITH_IDEA_CBC_SHA"/>
          <cipherSuite anonymous="False" connectionStatus="TLS / Alert: handshake failure" name="TLS_RSA_WITH_DES_CBC_SHA"/>
          <cipherSuite anonymous="False" connectionStatus="TLS / Alert: handshake failure" name="TLS_RSA_WITH_CAMELLIA_256_CBC_SHA"/>
          <cipherSuite anonymous="False" connectionStatus="TLS / Alert: handshake failure" name="TLS_RSA_WITH_CAMELLIA_128_CBC_SHA"/>
          <cipherSuite anonymous="False" connectionStatus="TLS / No ciphers available" name="TLS_RSA_WITH_AES_256_GCM_SHA384"/>
          <cipherSuite anonymous="False" connectionStatus="TLS / No ciphers available" name="TLS_RSA_WITH_AES_256_CBC_SHA256"/>
          <cipherSuite anonymous="False" connectionStatus="TLS / Alert: handshake failure" name="TLS_RSA_WITH_AES_256_CBC_SHA"/>
          <cipherSuite anonymous="False" connectionStatus="TLS / No ciphers available" name="TLS_RSA_WITH_AES_128_GCM_SHA256"/>
          <cipherSuite anonymous="False" connectionStatus="TLS / No ciphers available" name="TLS_RSA_WITH_AES_128_CBC_SHA256"/>
          <cipherSuite anonymous="False" connectionStatus="TLS / Alert: handshake failure" name="TLS_RSA_WITH_AES_128_CBC_SHA"/>
          <cipherSuite anonymous="False" connectionStatus="TLS / Alert: handshake failure" name="TLS_RSA_WITH_3DES_EDE_CBC_SHA"/>
          <cipherSuite anonymous="False" connectionStatus="TLS / Alert: handshake failure" name="TLS_RSA_EXPORT_WITH_RC4_40_MD5"/>
          <cipherSuite anonymous="False" connectionStatus="TLS / Alert: handshake failure" name="TLS_RSA_EXPORT_WITH_RC2_CBC_40_MD5"/>
          <cipherSuite anonymous="False" connectionStatus="TLS / Alert: handshake failure" name="TLS_RSA_EXPORT_WITH_DES40_CBC_SHA"/>
          <cipherSuite anonymous="True" connectionStatus="TLS / Alert: handshake failure" name="TLS_ECDH_anon_WITH_RC4_128_SHA"/>
          <cipherSuite anonymous="True" connectionStatus="TLS / Alert: handshake failure" name="TLS_ECDH_anon_WITH_NULL_SHA"/>
          <cipherSuite anonymous="True" connectionStatus="TLS / Alert: handshake failure" name="TLS_ECDH_anon_WITH_AES_256_CBC_SHA"/>
          <cipherSuite anonymous="True" connectionStatus="TLS / Alert: handshake failure" name="TLS_ECDH_anon_WITH_AES_128_CBC_SHA"/>
          <cipherSuite anonymous="True" connectionStatus="TLS / Alert: handshake failure" name="TLS_ECDH_anon_WITH_3DES_EDE_CBC_SHA"/>
          <cipherSuite anonymous="False" connectionStatus="TLS / Alert: handshake failure" name="TLS_ECDH_RSA_WITH_RC4_128_SHA"/>
          <cipherSuite anonymous="False" connectionStatus="TLS / Alert: handshake failure" name="TLS_ECDH_RSA_WITH_NULL_SHA"/>
          <cipherSuite anonymous="False" connectionStatus="TLS / No ciphers available" name="TLS_ECDH_RSA_WITH_AES_256_GCM_SHA384"/>
          <cipherSuite anonymous="False" connectionStatus="TLS / No ciphers available" name="TLS_ECDH_RSA_WITH_AES_256_CBC_SHA384"/>
          <cipherSuite anonymous="False" connectionStatus="TLS / Alert: handshake failure" name="TLS_ECDH_RSA_WITH_AES_256_CBC_SHA"/>
          <cipherSuite anonymous="False" connectionStatus="TLS / No ciphers available" name="TLS_ECDH_RSA_WITH_AES_128_GCM_SHA256"/>
          <cipherSuite anonymous="False" connectionStatus="TLS / No ciphers available" name="TLS_ECDH_RSA_WITH_AES_128_CBC_SHA256"/>
          <cipherSuite anonymous="False" connectionStatus="TLS / Alert: handshake failure" name="TLS_ECDH_RSA_WITH_AES_128_CBC_SHA"/>
          <cipherSuite anonymous="False" connectionStatus="TLS / Alert: handshake failure" name="TLS_ECDH_RSA_WITH_3DES_EDE_CBC_SHA"/>
          <cipherSuite anonymous="False" connectionStatus="TLS / Alert: handshake failure" name="TLS_ECDH_ECDSA_WITH_RC4_128_SHA"/>
          <cipherSuite anonymous="False" connectionStatus="TLS / Alert: handshake failure" name="TLS_ECDH_ECDSA_WITH_NULL_SHA"/>
          <cipherSuite anonymous="False" connectionStatus="TLS / No ciphers available" name="TLS_ECDH_ECDSA_WITH_AES_256_GCM_SHA384"/>
          <cipherSuite anonymous="False" connectionStatus="TLS / No ciphers available" name="TLS_ECDH_ECDSA_WITH_AES_256_CBC_SHA384"/>
          <cipherSuite anonymous="False" connectionStatus="TLS / Alert: handshake failure" name="TLS_ECDH_ECDSA_WITH_AES_256_CBC_SHA"/>
          <cipherSuite anonymous="False" connectionStatus="TLS / No ciphers available" name="TLS_ECDH_ECDSA_WITH_AES_128_GCM_SHA256"/>
          <cipherSuite anonymous="False" connectionStatus="TLS / No ciphers available" name="TLS_ECDH_ECDSA_WITH_AES_128_CBC_SHA256"/>
          <cipherSuite anonymous="False" connectionStatus="TLS / Alert: handshake failure" name="TLS_ECDH_ECDSA_WITH_AES_128_CBC_SHA"/>
          <cipherSuite anonymous="False" connectionStatus="TLS / Alert: handshake failure" name="TLS_ECDH_ECDSA_WITH_3DES_EDE_CBC_SHA"/>
          <cipherSuite anonymous="False" connectionStatus="TLS / Alert: handshake failure" name="TLS_ECDHE_RSA_WITH_RC4_128_SHA"/>
          <cipherSuite anonymous="False" connectionStatus="TLS / Alert: handshake failure" name="TLS_ECDHE_RSA_WITH_NULL_SHA"/>
          <cipherSuite anonymous="False" connectionStatus="TLS / No ciphers available" name="TLS_ECDHE_RSA_WITH_AES_256_GCM_SHA384"/>
          <cipherSuite anonymous="False" connectionStatus="TLS / No ciphers available" name="TLS_ECDHE_RSA_WITH_AES_256_CBC_SHA384"/>
          <cipherSuite anonymous="False" connectionStatus="TLS / Alert: handshake failure" name="TLS_ECDHE_RSA_WITH_AES_256_CBC_SHA"/>
          <cipherSuite anonymous="False" connectionStatus="TLS / No ciphers available" name="TLS_ECDHE_RSA_WITH_AES_128_GCM_SHA256"/>
          <cipherSuite anonymous="False" connectionStatus="TLS / No ciphers available" name="TLS_ECDHE_RSA_WITH_AES_128_CBC_SHA256"/>
          <cipherSuite anonymous="False" connectionStatus="TLS / Alert: handshake failure" name="TLS_ECDHE_RSA_WITH_AES_128_CBC_SHA"/>
          <cipherSuite anonymous="False" connectionStatus="TLS / Alert: handshake failure" name="TLS_ECDHE_RSA_WITH_3DES_EDE_CBC_SHA"/>
          <cipherSuite anonymous="False" connectionStatus="TLS / Alert: handshake failure" name="TLS_ECDHE_ECDSA_WITH_RC4_128_SHA"/>
          <cipherSuite anonymous="False" connectionStatus="TLS / Alert: handshake failure" name="TLS_ECDHE_ECDSA_WITH_NULL_SHA"/>
          <cipherSuite anonymous="False" connectionStatus="TLS / No ciphers available" name="TLS_ECDHE_ECDSA_WITH_AES_256_GCM_SHA384"/>
          <cipherSuite anonymous="False" connectionStatus="TLS / No ciphers available" name="TLS_ECDHE_ECDSA_WITH_AES_256_CBC_SHA384"/>
          <cipherSuite anonymous="False" connectionStatus="TLS / Alert: handshake failure" name="TLS_ECDHE_ECDSA_WITH_AES_256_CBC_SHA"/>
          <cipherSuite anonymous="False" connectionStatus="TLS / No ciphers available" name="TLS_ECDHE_ECDSA_WITH_AES_128_GCM_SHA256"/>
          <cipherSuite anonymous="False" connectionStatus="TLS / No ciphers available" name="TLS_ECDHE_ECDSA_WITH_AES_128_CBC_SHA256"/>
          <cipherSuite anonymous="False" connectionStatus="TLS / Alert: handshake failure" name="TLS_ECDHE_ECDSA_WITH_AES_128_CBC_SHA"/>
          <cipherSuite anonymous="False" connectionStatus="TLS / Alert: handshake failure" name="TLS_ECDHE_ECDSA_WITH_3DES_EDE_CBC_SHA"/>
          <cipherSuite anonymous="True" connectionStatus="TLS / Alert: handshake failure" name="TLS_DH_anon_WITH_SEED_CBC_SHA"/>
          <cipherSuite anonymous="True" connectionStatus="TLS / Alert: handshake failure" name="TLS_DH_anon_WITH_RC4_128_MD5"/>
          <cipherSuite anonymous="True" connectionStatus="TLS / Alert: handshake failure" name="TLS_DH_anon_WITH_DES_CBC_SHA"/>
          <cipherSuite anonymous="True" connectionStatus="TLS / Alert: handshake failure" name="TLS_DH_anon_WITH_CAMELLIA_256_CBC_SHA"/>
          <cipherSuite anonymous="True" connectionStatus="TLS / Alert: handshake failure" name="TLS_DH_anon_WITH_CAMELLIA_128_CBC_SHA"/>
          <cipherSuite anonymous="True" connectionStatus="TLS / No ciphers available" name="TLS_DH_anon_WITH_AES_256_GCM_SHA384"/>
          <cipherSuite anonymous="True" connectionStatus="TLS / No ciphers available" name="TLS_DH_anon_WITH_AES_256_CBC_SHA256"/>
          <cipherSuite anonymous="True" connectionStatus="TLS / Alert: handshake failure" name="TLS_DH_anon_WITH_AES_256_CBC_SHA"/>
          <cipherSuite anonymous="True" connectionStatus="TLS / No ciphers available" name="TLS_DH_anon_WITH_AES_128_GCM_SHA256"/>
          <cipherSuite anonymous="True" connectionStatus="TLS / No ciphers available" name="TLS_DH_anon_WITH_AES_128_CBC_SHA256"/>
          <cipherSuite anonymous="True" connectionStatus="TLS / Alert: handshake failure" name="TLS_DH_anon_WITH_AES_128_CBC_SHA"/>
          <cipherSuite anonymous="True" connectionStatus="TLS / Alert: handshake failure" name="TLS_DH_anon_WITH_3DES_EDE_CBC_SHA"/>
          <cipherSuite anonymous="True" connectionStatus="TLS / Alert: handshake failure" name="TLS_DH_anon_EXPORT_WITH_RC4_40_MD5"/>
          <cipherSuite anonymous="True" connectionStatus="TLS / Alert: handshake failure" name="TLS_DH_anon_EXPORT_WITH_DES40_CBC_SHA"/>
          <cipherSuite anonymous="False" connectionStatus="TLS / Alert: handshake failure" name="TLS_DH_RSA_WITH_SEED_CBC_SHA"/>
          <cipherSuite anonymous="False" connectionStatus="TLS / Alert: handshake failure" name="TLS_DH_RSA_WITH_DES_CBC_SHA"/>
          <cipherSuite anonymous="False" connectionStatus="TLS / Alert: handshake failure" name="TLS_DH_RSA_WITH_CAMELLIA_256_CBC_SHA"/>
          <cipherSuite anonymous="False" connectionStatus="TLS / Alert: handshake failure" name="TLS_DH_RSA_WITH_CAMELLIA_128_CBC_SHA"/>
          <cipherSuite anonymous="False" connectionStatus="TLS / No ciphers available" name="TLS_DH_RSA_WITH_AES_256_GCM_SHA384"/>
          <cipherSuite anonymous="False" connectionStatus="TLS / No ciphers available" name="TLS_DH_RSA_WITH_AES_256_CBC_SHA256"/>
          <cipherSuite anonymous="False" connectionStatus="TLS / Alert: handshake failure" name="TLS_DH_RSA_WITH_AES_256_CBC_SHA"/>
          <cipherSuite anonymous="False" connectionStatus="TLS / No ciphers available" name="TLS_DH_RSA_WITH_AES_128_GCM_SHA256"/>
          <cipherSuite anonymous="False" connectionStatus="TLS / No ciphers available" name="TLS_DH_RSA_WITH_AES_128_CBC_SHA256"/>
          <cipherSuite anonymous="False" connectionStatus="TLS / Alert: handshake failure" name="TLS_DH_RSA_WITH_AES_128_CBC_SHA"/>
          <cipherSuite anonymous="False" connectionStatus="TLS / Alert: handshake failure" name="TLS_DH_RSA_WITH_3DES_EDE_CBC_SHA"/>
          <cipherSuite anonymous="False" connectionStatus="TLS / Alert: handshake failure" name="TLS_DH_DSS_WITH_SEED_CBC_SHA"/>
          <cipherSuite anonymous="False" connectionStatus="TLS / Alert: handshake failure" name="TLS_DH_DSS_WITH_DES_CBC_SHA"/>
          <cipherSuite anonymous="False" connectionStatus="TLS / Alert: handshake failure" name="TLS_DH_DSS_WITH_CAMELLIA_256_CBC_SHA"/>
          <cipherSuite anonymous="False" connectionStatus="TLS / Alert: handshake failure" name="TLS_DH_DSS_WITH_CAMELLIA_128_CBC_SHA"/>
          <cipherSuite anonymous="False" connectionStatus="TLS / No ciphers available" name="TLS_DH_DSS_WITH_AES_256_GCM_SHA384"/>
          <cipherSuite anonymous="False" connectionStatus="TLS / No ciphers available" name="TLS_DH_DSS_WITH_AES_256_CBC_SHA256"/>
          <cipherSuite anonymous="False" connectionStatus="TLS / Alert: handshake failure" name="TLS_DH_DSS_WITH_AES_256_CBC_SHA"/>
          <cipherSuite anonymous="False" connectionStatus="TLS / No ciphers available" name="TLS_DH_DSS_WITH_AES_128_GCM_SHA256"/>
          <cipherSuite anonymous="False" connectionStatus="TLS / No ciphers available" name="TLS_DH_DSS_WITH_AES_128_CBC_SHA256"/>
          <cipherSuite anonymous="False" connectionStatus="TLS / Alert: handshake failure" name="TLS_DH_DSS_WITH_AES_128_CBC_SHA"/>
          <cipherSuite anonymous="False" connectionStatus="TLS / Alert: handshake failure" name="TLS_DH_DSS_WITH_3DES_EDE_CBC_SHA"/>
          <cipherSuite anonymous="False" connectionStatus="TLS / Alert: handshake failure" name="TLS_DHE_RSA_WITH_SEED_CBC_SHA"/>
          <cipherSuite anonymous="False" connectionStatus="TLS / Alert: handshake failure" name="TLS_DHE_RSA_WITH_DES_CBC_SHA"/>
          <cipherSuite anonymous="False" connectionStatus="TLS / Alert: handshake failure" name="TLS_DHE_RSA_WITH_CAMELLIA_256_CBC_SHA"/>
          <cipherSuite anonymous="False" connectionStatus="TLS / Alert: handshake failure" name="TLS_DHE_RSA_WITH_CAMELLIA_128_CBC_SHA"/>
          <cipherSuite anonymous="False" connectionStatus="TLS / No ciphers available" name="TLS_DHE_RSA_WITH_AES_256_GCM_SHA384"/>
          <cipherSuite anonymous="False" connectionStatus="TLS / No ciphers available" name="TLS_DHE_RSA_WITH_AES_256_CBC_SHA256"/>
          <cipherSuite anonymous="False" connectionStatus="TLS / Alert: handshake failure" name="TLS_DHE_RSA_WITH_AES_256_CBC_SHA"/>
          <cipherSuite anonymous="False" connectionStatus="TLS / No ciphers available" name="TLS_DHE_RSA_WITH_AES_128_GCM_SHA256"/>
          <cipherSuite anonymous="False" connectionStatus="TLS / No ciphers available" name="TLS_DHE_RSA_WITH_AES_128_CBC_SHA256"/>
          <cipherSuite anonymous="False" connectionStatus="TLS / Alert: handshake failure" name="TLS_DHE_RSA_WITH_AES_128_CBC_SHA"/>
          <cipherSuite anonymous="False" connectionStatus="TLS / Alert: handshake failure" name="TLS_DHE_RSA_WITH_3DES_EDE_CBC_SHA"/>
          <cipherSuite anonymous="False" connectionStatus="TLS / Alert: handshake failure" name="TLS_DHE_RSA_EXPORT_WITH_DES40_CBC_SHA"/>
          <cipherSuite anonymous="False" connectionStatus="TLS / Alert: handshake failure" name="TLS_DHE_DSS_WITH_SEED_CBC_SHA"/>
          <cipherSuite anonymous="False" connectionStatus="TLS / Alert: handshake failure" name="TLS_DHE_DSS_WITH_DES_CBC_SHA"/>
          <cipherSuite anonymous="False" connectionStatus="TLS / Alert: handshake failure" name="TLS_DHE_DSS_WITH_CAMELLIA_256_CBC_SHA"/>
          <cipherSuite anonymous="False" connectionStatus="TLS / Alert: handshake failure" name="TLS_DHE_DSS_WITH_CAMELLIA_128_CBC_SHA"/>
          <cipherSuite anonymous="False" connectionStatus="TLS / No ciphers available" name="TLS_DHE_DSS_WITH_AES_256_GCM_SHA384"/>
          <cipherSuite anonymous="False" connectionStatus="TLS / No ciphers available" name="TLS_DHE_DSS_WITH_AES_256_CBC_SHA256"/>
          <cipherSuite anonymous="False" connectionStatus="TLS / Alert: handshake failure" name="TLS_DHE_DSS_WITH_AES_256_CBC_SHA"/>
          <cipherSuite anonymous="False" connectionStatus="TLS / No ciphers available" name="TLS_DHE_DSS_WITH_AES_128_GCM_SHA256"/>
          <cipherSuite anonymous="False" connectionStatus="TLS / No ciphers available" name="TLS_DHE_DSS_WITH_AES_128_CBC_SHA256"/>
          <cipherSuite anonymous="False" connectionStatus="TLS / Alert: handshake failure" name="TLS_DHE_DSS_WITH_AES_128_CBC_SHA"/>
          <cipherSuite anonymous="False" connectionStatus="TLS / Alert: handshake failure" name="TLS_DHE_DSS_WITH_3DES_EDE_CBC_SHA"/>
          <cipherSuite anonymous="False" connectionStatus="TLS / Alert: handshake failure" name="TLS_DHE_DSS_EXPORT_WITH_DES40_CBC_SHA"/>
        </rejectedCipherSuites>
        <errors/>
      </tlsv1_1>
      <tlsv1_2 exception="Unhandled exception while running --tlsv1_2:" title="TLSV1_2 Cipher Suites"/>
      <tlsv1_3 isProtocolSupported="False" title="TLSV1_3 Cipher Suites">
        <preferredCipherSuite/>
        <acceptedCipherSuites/>
        <rejectedCipherSuites>
          <cipherSuite anonymous="False" connectionStatus="TLS / Alert: handshake failure" name="TLS_CHACHA20_POLY1305_SHA256"/>
          <cipherSuite anonymous="False" connectionStatus="TLS / Alert: handshake failure" name="TLS_AES_256_GCM_SHA384"/>
          <cipherSuite anonymous="False" connectionStatus="TLS / Alert: handshake failure" name="TLS_AES_128_GCM_SHA256"/>
          <cipherSuite anonymous="False" connectionStatus="TLS / Alert: handshake failure" name="TLS_AES_128_CCM_SHA256"/>
          <cipherSuite anonymous="False" connectionStatus="TLS / Alert: handshake failure" name="TLS_AES_128_CCM_8_SHA256"/>
        </rejectedCipherSuites>
        <errors/>
      </tlsv1_3>
    </target>
  </results>
  <invalidTargets/>
</document>
